number,name,height,weight,types,abilities
1,bulbasaur,7,69,grass|poison,overgrow|chlorophyll
2,ivysaur,10,130,grass|poison,overgrow|chlorophyll
3,venusaur,20,1000,grass|poison,overgrow|chlorophyll
4,charmander,6,85,fire,blaze|solar-power
5,charmeleon,11,190,fire,blaze|solar-power
6,charizard,17,905,fire|flying,blaze|solar-power
7,squirtle,5,90,water,torrent|rain-dish
8,wartortle,10,225,water,torrent|rain-dish
9,blastoise,16,855,water,torrent|rain-dish
10,caterpie,3,29,bug,shield-dust|run-away
11,metapod,7,99,bug,shed-skin
12,butterfree,11,320,bug|flying,compound-eyes|tinted-lens
13,weedle,3,32,bug|poison,shield-dust|run-away
14,kakuna,6,100,bug|poison,shed-skin
15,beedrill,10,295,bug|poison,swarm|sniper
16,pidgey,3,18,normal|flying,keen-eye|tangled-feet|big-pecks
17,pidgeotto,11,300,normal|flying,keen-eye|tangled-feet|big-pecks
18,pidgeot,15,395,normal|flying,keen-eye|tangled-feet|big-pecks
19,rattata,3,35,normal,run-away|guts|hustle
20,raticate,7,185,normal,run-away|guts|hustle
21,spearow,3,20,normal|flying,keen-eye|sniper
22,fearow,12,380,normal|flying,keen-eye|sniper
23,ekans,20,69,poison,intimidate|shed-skin|unnerve
24,arbok,35,650,poison,intimidate|shed-skin|unnerve
25,pikachu,4,60,electric,static|lightning-rod
26,raichu,8,300,electric,static|lightning-rod
27,sandshrew,6,120,ground,sand-veil|sand-rush
28,sandslash,10,295,ground,sand-veil|sand-rush
29,nidoran-f,4,70,poison,poison-point|rivalry|hustle
30,nidorina,8,200,poison,poison-point|rivalry|hustle
31,nidoqueen,13,600,poison|ground,poison-point|rivalry|sheer-force
32,nidoran-m,5,90,poison,poison-point|rivalry|hustle
33,nidorino,9,195,poison,poison-point|rivalry|hustle
34,nidoking,14,620,poison|ground,poison-point|rivalry|sheer-force
35,clefairy,6,75,fairy,cute-charm|magic-guard|friend-guard
36,clefable,13,400,fairy,cute-charm|magic-guard|unaware
37,vulpix,6,99,fire,flash-fire|drought
38,ninetales,11,199,fire,flash-fire|drought
39,jigglypuff,5,55,normal|fairy,cute-charm|competitive|friend-guard
40,wigglytuff,10,120,normal|fairy,cute-charm|competitive|frisk
41,zubat,8,75,poison|flying,inner-focus|infiltrator
42,golbat,16,550,poison|flying,inner-focus|infiltrator
43,oddish,5,54,grass|poison,chlorophyll|run-away
44,gloom,8,86,grass|poison,chlorophyll|stench
45,vileplume,12,186,grass|poison,chlorophyll|effect-spore
46,paras,3,54,bug|grass,effect-spore|dry-skin|damp
47,parasect,10,295,bug|grass,effect-spore|dry-skin|damp
48,venonat,10,300,bug|poison,compound-eyes|tinted-lens|run-away
49,venomoth,15,125,bug|poison,shield-dust|tinted-lens|wonder-skin
50,diglett,2,8,ground,sand-veil|arena-trap|sand-force
51,dugtrio,7,333,ground,sand-veil|arena-trap|sand-force
52,meowth,4,42,normal,pickup|technician|unnerve
53,persian,10,320,normal,limber|technician|unnerve
54,psyduck,8,196,water,damp|cloud-nine|swift-swim
55,golduck,17,766,water,damp|cloud-nine|swift-swim
56,mankey,5,280,fighting,vital-spirit|anger-point|defiant
57,primeape,10,320,fighting,vital-spirit|anger-point|defiant
58,growlithe,7,190,fire,intimidate|flash-fire|justified
59,arcanine,19,1550,fire,intimidate|flash-fire|justified
60,poliwag,6,124,water,water-absorb|damp|swift-swim
61,poliwhirl,10,200,water,water-absorb|damp|swift-swim
62,poliwrath,13,540,water|fighting,water-absorb|damp|swift-swim
63,abra,9,195,psychic,synchronize|inner-focus|magic-guard
64,kadabra,13,565,psychic,synchronize|inner-focus|magic-guard
65,alakazam,15,480,psychic,synchronize|inner-focus|magic-guard
66,machop,8,195,fighting,guts|no-guard|steadfast
67,machoke,15,705,fighting,guts|no-guard|steadfast
68,machamp,16,1300,fighting,guts|no-guard|steadfast
69,bellsprout,7,40,grass|poison,chlorophyll|gluttony
70,weepinbell,10,64,grass|poison,chlorophyll|gluttony
71,victreebel,17,155,grass|poison,chlorophyll|gluttony
72,tentacool,9,455,water|poison,clear-body|liquid-ooze|rain-dish
73,tentacruel,16,550,water|poison,clear-body|liquid-ooze|rain-dish
74,geodude,4,200,rock|ground,rock-head|sturdy|sand-veil
75,graveler,10,1050,rock|ground,rock-head|sturdy|sand-veil
76,golem,14,3000,rock|ground,rock-head|sturdy|sand-veil
77,ponyta,10,300,fire,run-away|flash-fire|flame-body
78,rapidash,17,950,fire,run-away|flash-fire|flame-body
79,slowpoke,12,360,water|psychic,oblivious|own-tempo|regenerator
80,slowbro,16,785,water|psychic,oblivious|own-tempo|regenerator
81,magnemite,3,60,electric|steel,magnet-pull|sturdy|analytic
82,magneton,10,600,electric|steel,magnet-pull|sturdy|analytic
83,farfetchd,8,150,normal|flying,keen-eye|inner-focus|defiant
84,doduo,14,392,normal|flying,run-away|early-bird|tangled-feet
85,dodrio,18,852,normal|flying,run-away|early-bird|tangled-feet
86,seel,11,900,water,thick-fat|hydration|ice-body
87,dewgong,17,1200,water|ice,thick-fat|hydration|ice-body
88,grimer,9,300,poison,stench|sticky-hold|poison-touch
89,muk,12,300,poison,stench|sticky-hold|poison-touch
90,shellder,3,40,water,shell-armor|skill-link|overcoat
91,cloyster,15,1325,water|ice,shell-armor|skill-link|overcoat
92,gastly,13,1,ghost|poison,levitate
93,haunter,16,1,ghost|poison,levitate
94,gengar,15,405,ghost|poison,cursed-body
95,onix,88,2100,rock|ground,rock-head|sturdy|weak-armor
96,drowzee,10,324,psychic,insomnia|forewarn|inner-focus
97,hypno,16,756,psychic,insomnia|forewarn|inner-focus
98,krabby,4,65,water,hyper-cutter|shell-armor|sheer-force
99,kingler,13,600,water,hyper-cutter|shell-armor|sheer-force
100,voltorb,5,104,electric,soundproof|static|aftermath
101,electrode,12,666,electric,soundproof|static|aftermath
102,exeggcute,4,25,grass|psychic,chlorophyll|harvest
103,exeggutor,20,1200,grass|psychic,chlorophyll|harvest
104,cubone,4,65,ground,rock-head|lightning-rod|battle-armor
105,marowak,10,450,ground,rock-head|lightning-rod|battle-armor
106,hitmonlee,15,498,fighting,limber|reckless|unburden
107,hitmonchan,14,502,fighting,keen-eye|iron-fist|inner-focus
108,lickitung,12,655,normal,own-tempo|oblivious|cloud-nine
109,koffing,6,10,poison,levitate
110,weezing,12,95,poison,levitate
111,rhyhorn,10,1150,ground|rock,lightning-rod|rock-head|reckless
112,rhydon,19,1200,ground|rock,lightning-rod|rock-head|reckless
113,chansey,11,346,normal,natural-cure|serene-grace|healer
114,tangela,10,350,grass,chlorophyll|leaf-guard|regenerator
115,kangaskhan,22,800,normal,early-bird|scrappy|inner-focus
116,horsea,4,80,water,swift-swim|sniper|damp
117,seadra,12,250,water,poison-point|sniper|damp
118,goldeen,6,150,water,swift-swim|water-veil|lightning-rod
119,seaking,13,390,water,swift-swim|water-veil|lightning-rod
120,staryu,8,345,water,illuminate|natural-cure|analytic
121,starmie,11,800,water|psychic,illuminate|natural-cure|analytic
122,mr-mime,13,545,psychic|fairy,soundproof|filter|technician
123,scyther,15,560,bug|flying,swarm|technician|steadfast
124,jynx,14,406,ice|psychic,oblivious|forewarn|dry-skin
125,electabuzz,11,300,electric,static|vital-spirit
126,magmar,13,445,fire,flame-body|vital-spirit
127,pinsir,15,550,bug,hyper-cutter|mold-breaker|moxie
128,tauros,14,884,normal,intimidate|anger-point|sheer-force
129,magikarp,9,100,water,swift-swim|rattled
130,gyarados,65,2350,water|flying,intimidate|moxie
131,lapras,25,2200,water|ice,water-absorb|shell-armor|hydration
132,ditto,3,40,normal,limber|imposter
133,eevee,3,65,normal,run-away|adaptability|anticipation
134,vaporeon,10,290,water,water-absorb|hydration
135,jolteon,8,245,electric,volt-absorb|quick-feet
136,flareon,9,250,fire,flash-fire|guts
137,porygon,8,365,normal,trace|download|analytic
138,omanyte,4,75,rock|water,swift-swim|shell-armor|weak-armor
139,omastar,10,350,rock|water,swift-swim|shell-armor|weak-armor
140,kabuto,5,115,rock|water,swift-swim|battle-armor|weak-armor
141,kabutops,13,405,rock|water,swift-swim|battle-armor|weak-armor
142,aerodactyl,18,590,rock|flying,rock-head|pressure|unnerve
143,snorlax,21,4600,normal,immunity|thick-fat|gluttony
144,articuno,17,554,ice|flying,pressure|snow-cloak
145,zapdos,16,526,electric|flying,pressure|static
146,moltres,20,600,fire|flying,pressure|flame-body
147,dratini,18,33,dragon,shed-skin|marvel-scale
148,dragonair,40,165,dragon,shed-skin|marvel-scale
149,dragonite,22,2100,dragon|flying,inner-focus|multiscale
150,mewtwo,20,1220,psychic,pressure|unnerve
151,mew,4,40,psychic,synchronize
152,chikorita,9,64,grass,overgrow|leaf-guard
153,bayleef,12,158,grass,overgrow|leaf-guard
154,meganium,18,1005,grass,overgrow|leaf-guard
155,cyndaquil,5,79,fire,blaze|flash-fire
156,quilava,9,190,fire,blaze|flash-fire
157,typhlosion,17,795,fire,blaze|flash-fire
158,totodile,6,95,water,torrent|sheer-force
159,croconaw,11,250,water,torrent|sheer-force
160,feraligatr,23,888,water,torrent|sheer-force
161,sentret,8,60,normal,run-away|keen-eye|frisk
162,furret,18,325,normal,run-away|keen-eye|frisk
163,hoothoot,7,212,normal|flying,insomnia|keen-eye|tinted-lens
164,noctowl,16,408,normal|flying,insomnia|keen-eye|tinted-lens
165,ledyba,10,108,bug|flying,swarm|early-bird|rattled
166,ledian,14,356,bug|flying,swarm|early-bird|iron-fist
167,spinarak,5,85,bug|poison,swarm|insomnia|sniper
168,ariados,11,335,bug|poison,swarm|insomnia|sniper
169,crobat,18,750,poison|flying,inner-focus|infiltrator
170,chinchou,5,120,water|electric,volt-absorb|illuminate|water-absorb
171,lanturn,12,225,water|electric,volt-absorb|illuminate|water-absorb
172,pichu,3,20,electric,static|lightning-rod
173,cleffa,3,30,fairy,cute-charm|magic-guard|friend-guard
174,igglybuff,3,10,normal|fairy,cute-charm|competitive|friend-guard
175,togepi,3,15,fairy,hustle|serene-grace|super-luck
176,togetic,6,32,fairy|flying,hustle|serene-grace|super-luck
177,natu,2,20,psychic|flying,synchronize|early-bird|magic-bounce
178,xatu,15,150,psychic|flying,synchronize|early-bird|magic-bounce
179,mareep,6,78,electric,static|plus
180,flaaffy,8,133,electric,static|plus
181,ampharos,14,615,electric,static|plus
182,bellossom,4,58,grass,chlorophyll|healer
183,marill,4,85,water|fairy,thick-fat|huge-power|sap-sipper
184,azumarill,8,285,water|fairy,thick-fat|huge-power|sap-sipper
185,sudowoodo,12,380,rock,sturdy|rock-head|rattled
186,politoed,11,339,water,water-absorb|damp|drizzle
187,hoppip,4,5,grass|flying,chlorophyll|leaf-guard|infiltrator
188,skiploom,6,10,grass|flying,chlorophyll|leaf-guard|infiltrator
189,jumpluff,8,30,grass|flying,chlorophyll|leaf-guard|infiltrator
190,aipom,8,115,normal,run-away|pickup|skill-link
191,sunkern,3,18,grass,chlorophyll|solar-power|early-bird
192,sunflora,8,85,grass,chlorophyll|solar-power|early-bird
193,yanma,12,380,bug|flying,speed-boost|compound-eyes|frisk
194,wooper,4,85,water|ground,damp|water-absorb|unaware
195,quagsire,14,750,water|ground,damp|water-absorb|unaware
196,espeon,9,265,psychic,synchronize|magic-bounce
197,umbreon,10,270,dark,synchronize|inner-focus
198,murkrow,5,21,dark|flying,insomnia|super-luck|prankster
199,slowking,20,795,water|psychic,oblivious|own-tempo|regenerator
200,misdreavus,7,10,ghost,levitate
201,unown,5,50,psychic,levitate
202,wobbuffet,13,285,psychic,shadow-tag|telepathy
203,girafarig,15,415,normal|psychic,inner-focus|early-bird|sap-sipper
204,pineco,6,72,bug,sturdy|overcoat
205,forretress,12,1258,bug|steel,sturdy|overcoat
206,dunsparce,15,140,normal,serene-grace|run-away|rattled
207,gligar,11,648,ground|flying,hyper-cutter|sand-veil|immunity
208,steelix,92,4000,steel|ground,rock-head|sturdy|sheer-force
209,snubbull,6,78,fairy,intimidate|run-away|rattled
210,granbull,14,487,fairy,intimidate|quick-feet|rattled
211,qwilfish,5,39,water|poison,poison-point|swift-swim|intimidate
212,scizor,18,1180,bug|steel,swarm|technician|light-metal
213,shuckle,6,205,bug|rock,sturdy|gluttony|contrary
214,heracross,15,540,bug|fighting,swarm|guts|moxie
215,sneasel,9,280,dark|ice,inner-focus|keen-eye|pickpocket
216,teddiursa,6,88,normal,pickup|quick-feet|honey-gather
217,ursaring,18,1258,normal,guts|quick-feet|unnerve
218,slugma,7,350,fire,magma-armor|flame-body|weak-armor
219,magcargo,8,550,fire|rock,magma-armor|flame-body|weak-armor
220,swinub,4,65,ice|ground,oblivious|snow-cloak|thick-fat
221,piloswine,11,558,ice|ground,oblivious|snow-cloak|thick-fat
222,corsola,6,50,water|rock,hustle|natural-cure|regenerator
223,remoraid,6,120,water,hustle|sniper|moody
224,octillery,9,285,water,suction-cups|sniper|moody
225,delibird,9,160,ice|flying,vital-spirit|hustle|insomnia
226,mantine,21,2200,water|flying,swift-swim|water-absorb|water-veil
227,skarmory,17,505,steel|flying,keen-eye|sturdy|weak-armor
228,houndour,6,108,dark|fire,early-bird|flash-fire|unnerve
229,houndoom,14,350,dark|fire,early-bird|flash-fire|unnerve
230,kingdra,18,1520,water|dragon,swift-swim|sniper|damp
231,phanpy,5,335,ground,pickup|sand-veil
232,donphan,11,1200,ground,sturdy|sand-veil
233,porygon2,6,325,normal,trace|download|analytic
234,stantler,14,712,normal,intimidate|frisk|sap-sipper
235,smeargle,12,580,normal,own-tempo|technician|moody
236,tyrogue,7,210,fighting,guts|steadfast|vital-spirit
237,hitmontop,14,480,fighting,intimidate|technician|steadfast
238,smoochum,4,60,ice|psychic,oblivious|forewarn|hydration
239,elekid,6,235,electric,static|vital-spirit
240,magby,7,214,fire,flame-body|vital-spirit
241,miltank,12,755,normal,thick-fat|scrappy|sap-sipper
242,blissey,15,468,normal,natural-cure|serene-grace|healer
243,raikou,19,1780,electric,pressure|inner-focus
244,entei,21,1980,fire,pressure|inner-focus
245,suicune,20,1870,water,pressure|inner-focus
246,larvitar,6,720,rock|ground,guts|sand-veil
247,pupitar,12,1520,rock|ground,shed-skin
248,tyranitar,20,2020,rock|dark,sand-stream|unnerve
249,lugia,52,2160,psychic|flying,pressure|multiscale
250,ho-oh,38,1990,fire|flying,pressure|regenerator
251,celebi,6,50,psychic|grass,natural-cure
252,treecko,5,50,grass,overgrow|unburden
253,grovyle,9,216,grass,overgrow|unburden
254,sceptile,17,522,grass,overgrow|unburden
255,torchic,4,25,fire,blaze|speed-boost
256,combusken,9,195,fire|fighting,blaze|speed-boost
257,blaziken,19,520,fire|fighting,blaze|speed-boost
258,mudkip,4,76,water,torrent|damp
259,marshtomp,7,280,water|ground,torrent|damp
260,swampert,15,819,water|ground,torrent|damp
261,poochyena,5,136,dark,run-away|quick-feet|rattled
262,mightyena,10,370,dark,intimidate|quick-feet|moxie
263,zigzagoon,4,175,normal,pickup|gluttony|quick-feet
264,linoone,5,325,normal,pickup|gluttony|quick-feet
265,wurmple,3,36,bug,shield-dust|run-away
266,silcoon,6,100,bug,shed-skin
267,beautifly,10,284,bug|flying,swarm|rivalry
268,cascoon,7,115,bug,shed-skin
269,dustox,12,316,bug|poison,shield-dust|compound-eyes
270,lotad,5,26,water|grass,swift-swim|rain-dish|own-tempo
271,lombre,12,325,water|grass,swift-swim|rain-dish|own-tempo
272,ludicolo,15,550,water|grass,swift-swim|rain-dish|own-tempo
273,seedot,5,40,grass,chlorophyll|early-bird|pickpocket
274,nuzleaf,10,280,grass|dark,chlorophyll|early-bird|pickpocket
275,shiftry,13,596,grass|dark,chlorophyll|early-bird|pickpocket
276,taillow,3,23,normal|flying,guts|scrappy
277,swellow,7,198,normal|flying,guts|scrappy
278,wingull,6,95,water|flying,keen-eye|hydration|rain-dish
279,pelipper,12,280,water|flying,keen-eye|drizzle|rain-dish
280,ralts,4,66,psychic|fairy,synchronize|trace|telepathy
281,kirlia,8,202,psychic|fairy,synchronize|trace|telepathy
282,gardevoir,16,484,psychic|fairy,synchronize|trace|telepathy
283,surskit,5,17,bug|water,swift-swim|rain-dish
284,masquerain,8,36,bug|flying,intimidate|unnerve
285,shroomish,4,45,grass,effect-spore|poison-heal|quick-feet
286,breloom,12,392,grass|fighting,effect-spore|poison-heal|technician
287,slakoth,8,240,normal,truant
288,vigoroth,14,465,normal,vital-spirit
289,slaking,20,1305,normal,truant
290,nincada,5,55,bug|ground,compound-eyes|run-away
291,ninjask,8,120,bug|flying,speed-boost|infiltrator
292,shedinja,8,12,bug|ghost,wonder-guard
293,whismur,6,163,normal,soundproof|rattled
294,loudred,10,405,normal,soundproof|scrappy
295,exploud,15,840,normal,soundproof|scrappy
296,makuhita,10,864,fighting,thick-fat|guts|sheer-force
297,hariyama,23,2538,fighting,thick-fat|guts|sheer-force
298,azurill,2,20,normal|fairy,thick-fat|huge-power|sap-sipper
299,nosepass,10,970,rock,sturdy|magnet-pull|sand-force
300,skitty,6,110,normal,cute-charm|normalize|wonder-skin
301,delcatty,11,326,normal,cute-charm|normalize|wonder-skin
302,sableye,5,110,dark|ghost,keen-eye|stall|prankster
303,mawile,6,115,steel|fairy,hyper-cutter|intimidate|sheer-force
304,aron,4,600,steel|rock,sturdy|rock-head|heavy-metal
305,lairon,9,1200,steel|rock,sturdy|rock-head|heavy-metal
306,aggron,21,3600,steel|rock,sturdy|rock-head|heavy-metal
307,meditite,6,112,fighting|psychic,pure-power|telepathy
308,medicham,13,315,fighting|psychic,pure-power|telepathy
309,electrike,6,152,electric,static|lightning-rod|minus
310,manectric,15,402,electric,static|lightning-rod|minus
311,plusle,4,42,electric,plus|lightning-rod
312,minun,4,42,electric,minus|volt-absorb
313,volbeat,7,177,bug,illuminate|swarm|prankster
314,illumise,6,177,bug,oblivious|tinted-lens|prankster
315,roselia,3,20,grass|poison,natural-cure|poison-point|leaf-guard
316,gulpin,4,103,poison,liquid-ooze|sticky-hold|gluttony
317,swalot,17,800,poison,liquid-ooze|sticky-hold|gluttony
318,carvanha,8,208,water|dark,rough-skin|speed-boost
319,sharpedo,18,888,water|dark,rough-skin|speed-boost
320,wailmer,20,1300,water,water-veil|oblivious|pressure
321,wailord,145,3980,water,water-veil|oblivious|pressure
322,numel,7,240,fire|ground,oblivious|simple|own-tempo
323,camerupt,19,2200,fire|ground,magma-armor|solid-rock|anger-point
324,torkoal,5,804,fire,white-smoke|drought|shell-armor
325,spoink,7,306,psychic,thick-fat|own-tempo|gluttony
326,grumpig,9,715,psychic,thick-fat|own-tempo|gluttony
327,spinda,11,50,normal,own-tempo|tangled-feet|contrary
328,trapinch,7,150,ground,hyper-cutter|arena-trap|sheer-force
329,vibrava,11,153,ground|dragon,levitate
330,flygon,20,820,ground|dragon,levitate
331,cacnea,4,513,grass,sand-veil|water-absorb
332,cacturne,13,774,grass|dark,sand-veil|water-absorb
333,swablu,4,12,normal|flying,natural-cure|cloud-nine
334,altaria,11,206,dragon|flying,natural-cure|cloud-nine
335,zangoose,13,403,normal,immunity|toxic-boost
336,seviper,27,525,poison,shed-skin|infiltrator
337,lunatone,10,1680,rock|psychic,levitate
338,solrock,12,1540,rock|psychic,levitate
339,barboach,4,19,water|ground,oblivious|anticipation|hydration
340,whiscash,9,236,water|ground,oblivious|anticipation|hydration
341,corphish,6,115,water,hyper-cutter|shell-armor|adaptability
342,crawdaunt,11,328,water|dark,hyper-cutter|shell-armor|adaptability
343,baltoy,5,215,ground|psychic,levitate
344,claydol,15,1080,ground|psychic,levitate
345,lileep,10,238,rock|grass,suction-cups|storm-drain
346,cradily,15,604,rock|grass,suction-cups|storm-drain
347,anorith,7,125,rock|bug,battle-armor|swift-swim
348,armaldo,15,682,rock|bug,battle-armor|swift-swim
349,feebas,6,74,water,swift-swim|oblivious|adaptability
350,milotic,62,1620,water,marvel-scale|competitive|cute-charm
351,castform,3,8,normal,forecast
352,kecleon,10,220,normal,color-change|protean
353,shuppet,6,23,ghost,insomnia|frisk|cursed-body
354,banette,11,125,ghost,insomnia|frisk|cursed-body
355,duskull,8,150,ghost,levitate|frisk
356,dusclops,16,306,ghost,pressure|frisk
357,tropius,20,1000,grass|flying,chlorophyll|solar-power|harvest
358,chimecho,6,10,psychic,levitate
359,absol,12,470,dark,pressure|super-luck|justified
360,wynaut,6,140,psychic,shadow-tag|telepathy
361,snorunt,7,168,ice,inner-focus|ice-body|moody
362,glalie,15,2565,ice,inner-focus|ice-body|moody
363,spheal,8,395,ice|water,thick-fat|ice-body|oblivious
364,sealeo,11,876,ice|water,thick-fat|ice-body|oblivious
365,walrein,14,1506,ice|water,thick-fat|ice-body|oblivious
366,clamperl,4,525,water,shell-armor|rattled
367,huntail,17,270,water,swift-swim|water-veil
368,gorebyss,18,226,water,swift-swim|hydration
369,relicanth,10,234,water|rock,swift-swim|rock-head|sturdy
370,luvdisc,6,87,water,swift-swim|hydration
371,bagon,6,421,dragon,rock-head|sheer-force
372,shelgon,11,1105,dragon,rock-head|overcoat
373,salamence,15,1026,dragon|flying,intimidate|moxie
374,beldum,6,952,steel|psychic,clear-body|light-metal
375,metang,12,2025,steel|psychic,clear-body|light-metal
376,metagross,16,5500,steel|psychic,clear-body|light-metal
377,regirock,17,2300,rock,clear-body|sturdy
378,regice,18,1750,ice,clear-body|ice-body
379,registeel,19,2050,steel,clear-body|light-metal
380,latias,14,400,dragon|psychic,levitate
381,latios,20,600,dragon|psychic,levitate
382,kyogre,45,3520,water,drizzle
383,groudon,35,9500,ground,drought
384,rayquaza,70,2065,dragon|flying,air-lock
385,jirachi,3,11,steel|psychic,serene-grace
386,deoxys-normal,17,608,psychic,pressure
387,turtwig,4,102,grass,overgrow|shell-armor
388,grotle,11,970,grass,overgrow|shell-armor
389,torterra,22,3100,grass|ground,overgrow|shell-armor
390,chimchar,5,62,fire,blaze|iron-fist
391,monferno,9,220,fire|fighting,blaze|iron-fist
392,infernape,12,550,fire|fighting,blaze|iron-fist
393,piplup,4,52,water,torrent|defiant
394,prinplup,8,230,water,torrent|defiant
395,empoleon,17,845,water|steel,torrent|defiant
396,starly,3,20,normal|flying,keen-eye|reckless
397,staravia,6,155,normal|flying,intimidate|reckless
398,staraptor,12,249,normal|flying,intimidate|reckless
399,bidoof,5,200,normal,simple|unaware|moody
400,bibarel,10,315,normal|water,simple|unaware|moody
401,kricketot,3,22,bug,shed-skin|run-away
402,kricketune,10,255,bug,swarm|technician
403,shinx,5,95,electric,rivalry|intimidate|guts
404,luxio,9,305,electric,rivalry|intimidate|guts
405,luxray,14,420,electric,rivalry|intimidate|guts
406,budew,2,12,grass|poison,natural-cure|poison-point|leaf-guard
407,roserade,9,145,grass|poison,natural-cure|poison-point|technician
408,cranidos,9,315,rock,mold-breaker|sheer-force
409,rampardos,16,1025,rock,mold-breaker|sheer-force
410,shieldon,5,570,rock|steel,sturdy|soundproof
411,bastiodon,13,1495,rock|steel,sturdy|soundproof
412,burmy,2,34,bug,shed-skin|overcoat
413,wormadam-plant,5,65,bug|grass,anticipation|overcoat
414,mothim,9,233,bug|flying,swarm|tinted-lens
415,combee,3,55,bug|flying,honey-gather|hustle
416,vespiquen,12,385,bug|flying,pressure|unnerve
417,pachirisu,4,39,electric,run-away|pickup|volt-absorb
418,buizel,7,295,water,swift-swim|water-veil
419,floatzel,11,335,water,swift-swim|water-veil
420,cherubi,4,33,grass,chlorophyll
421,cherrim,5,93,grass,flower-gift
422,shellos,3,63,water,sticky-hold|storm-drain|sand-force
423,gastrodon,9,299,water|ground,sticky-hold|storm-drain|sand-force
424,ambipom,12,203,normal,technician|pickup|skill-link
425,drifloon,4,12,ghost|flying,aftermath|unburden|flare-boost
426,drifblim,12,150,ghost|flying,aftermath|unburden|flare-boost
427,buneary,4,55,normal,run-away|klutz|limber
428,lopunny,12,333,normal,cute-charm|klutz|limber
429,mismagius,9,44,ghost,levitate
430,honchkrow,9,273,dark|flying,insomnia|super-luck|moxie
431,glameow,5,39,normal,limber|own-tempo|keen-eye
432,purugly,10,438,normal,thick-fat|own-tempo|defiant
433,chingling,2,6,psychic,levitate
434,stunky,4,192,poison|dark,stench|aftermath|keen-eye
435,skuntank,10,380,poison|dark,stench|aftermath|keen-eye
436,bronzor,5,605,steel|psychic,levitate|heatproof|heavy-metal
437,bronzong,13,1870,steel|psychic,levitate|heatproof|heavy-metal
438,bonsly,5,150,rock,sturdy|rock-head|rattled
439,mime-jr,6,130,psychic|fairy,soundproof|filter|technician
440,happiny,6,244,normal,natural-cure|serene-grace|friend-guard
441,chatot,5,19,normal|flying,keen-eye|tangled-feet|big-pecks
442,spiritomb,10,1080,ghost|dark,pressure|infiltrator
443,gible,7,205,dragon|ground,sand-veil|rough-skin
444,gabite,14,560,dragon|ground,sand-veil|rough-skin
445,garchomp,19,950,dragon|ground,sand-veil|rough-skin
446,munchlax,6,1050,normal,pickup|thick-fat|gluttony
447,riolu,7,202,fighting,steadfast|inner-focus|prankster
448,lucario,12,540,fighting|steel,steadfast|inner-focus|justified
449,hippopotas,8,495,ground,sand-stream|sand-force
450,hippowdon,20,3000,ground,sand-stream|sand-force
451,skorupi,8,120,poison|bug,battle-armor|sniper|keen-eye
452,drapion,13,615,poison|dark,battle-armor|sniper|keen-eye
453,croagunk,7,230,poison|fighting,anticipation|dry-skin|poison-touch
454,toxicroak,13,444,poison|fighting,anticipation|dry-skin|poison-touch
455,carnivine,14,270,grass,levitate
456,finneon,4,70,water,swift-swim|storm-drain|water-veil
457,lumineon,12,240,water,swift-swim|storm-drain|water-veil
458,mantyke,10,650,water|flying,swift-swim|water-absorb|water-veil
459,snover,10,505,grass|ice,snow-warning|soundproof
460,abomasnow,22,1355,grass|ice,snow-warning|soundproof
461,weavile,11,340,dark|ice,pressure|pickpocket
462,magnezone,12,1800,electric|steel,magnet-pull|sturdy|analytic
463,lickilicky,17,1400,normal,own-tempo|oblivious|cloud-nine
464,rhyperior,24,2828,ground|rock,lightning-rod|solid-rock|reckless
465,tangrowth,20,1286,grass,chlorophyll|leaf-guard|regenerator
466,electivire,18,1386,electric,motor-drive|vital-spirit
467,magmortar,16,680,fire,flame-body|vital-spirit
468,togekiss,15,380,fairy|flying,hustle|serene-grace|super-luck
469,yanmega,19,515,bug|flying,speed-boost|tinted-lens|frisk
470,leafeon,10,255,grass,leaf-guard|chlorophyll
471,glaceon,8,259,ice,snow-cloak|ice-body
472,gliscor,20,425,ground|flying,hyper-cutter|sand-veil|poison-heal
473,mamoswine,25,2910,ice|ground,oblivious|snow-cloak|thick-fat
474,porygon-z,9,340,normal,adaptability|download|analytic
475,gallade,16,520,psychic|fighting,steadfast|justified
476,probopass,14,3400,rock|steel,sturdy|magnet-pull|sand-force
477,dusknoir,22,1066,ghost,pressure|frisk
478,froslass,13,266,ice|ghost,snow-cloak|cursed-body
479,rotom,3,3,electric|ghost,levitate
480,uxie,3,3,psychic,levitate
481,mesprit,3,3,psychic,levitate
482,azelf,3,3,psychic,levitate
483,dialga,54,6830,steel|dragon,pressure|telepathy
484,palkia,42,3360,water|dragon,pressure|telepathy
485,heatran,17,4300,fire|steel,flash-fire|flame-body
486,regigigas,37,4200,normal,slow-start
487,giratina-altered,45,7500,ghost|dragon,pressure|telepathy
488,cresselia,15,856,psychic,levitate
489,phione,4,31,water,hydration
490,manaphy,3,14,water,hydration
491,darkrai,15,505,dark,bad-dreams
492,shaymin-land,2,21,grass,natural-cure
493,arceus,32,3200,normal,multitype
494,victini,4,40,psychic|fire,victory-star
495,snivy,6,81,grass,overgrow|contrary
496,servine,8,160,grass,overgrow|contrary
497,serperior,33,630,grass,overgrow|contrary
498,tepig,5,99,fire,blaze|thick-fat
499,pignite,10,555,fire|fighting,blaze|thick-fat
500,emboar,16,1500,fire|fighting,blaze|reckless
501,oshawott,5,59,water,torrent|shell-armor
502,dewott,8,245,water,torrent|shell-armor
503,samurott,15,946,water,torrent|shell-armor
504,patrat,5,116,normal,run-away|keen-eye|analytic
505,watchog,11,270,normal,illuminate|keen-eye|analytic
506,lillipup,4,41,normal,vital-spirit|pickup|run-away
507,herdier,9,147,normal,intimidate|sand-rush|scrappy
508,stoutland,12,610,normal,intimidate|sand-rush|scrappy
509,purrloin,4,101,dark,limber|unburden|prankster
510,liepard,11,375,dark,limber|unburden|prankster
511,pansage,6,105,grass,gluttony|overgrow
512,simisage,11,305,grass,gluttony|overgrow
513,pansear,6,110,fire,gluttony|blaze
514,simisear,10,280,fire,gluttony|blaze
515,panpour,6,135,water,gluttony|torrent
516,simipour,10,290,water,gluttony|torrent
517,munna,6,233,psychic,forewarn|synchronize|telepathy
518,musharna,11,605,psychic,forewarn|synchronize|telepathy
519,pidove,3,21,normal|flying,big-pecks|super-luck|rivalry
520,tranquill,6,150,normal|flying,big-pecks|super-luck|rivalry
521,unfezant,12,290,normal|flying,big-pecks|super-luck|rivalry
522,blitzle,8,298,electric,lightning-rod|motor-drive|sap-sipper
523,zebstrika,16,795,electric,lightning-rod|motor-drive|sap-sipper
524,roggenrola,4,180,rock,sturdy|weak-armor|sand-force
525,boldore,9,1020,rock,sturdy|weak-armor|sand-force
526,gigalith,17,2600,rock,sturdy|sand-stream|sand-force
527,woobat,4,21,psychic|flying,unaware|klutz|simple
528,swoobat,9,105,psychic|flying,unaware|klutz|simple
529,drilbur,3,85,ground,sand-rush|sand-force|mold-breaker
530,excadrill,7,404,ground|steel,sand-rush|sand-force|mold-breaker
531,audino,11,310,normal,healer|regenerator|klutz
532,timburr,6,125,fighting,guts|sheer-force|iron-fist
533,gurdurr,12,400,fighting,guts|sheer-force|iron-fist
534,conkeldurr,14,870,fighting,guts|sheer-force|iron-fist
535,tympole,5,45,water,swift-swim|hydration|water-absorb
536,palpitoad,8,170,water|ground,swift-swim|hydration|water-absorb
537,seismitoad,15,620,water|ground,swift-swim|poison-touch|water-absorb
538,throh,13,555,fighting,guts|inner-focus|mold-breaker
539,sawk,14,510,fighting,sturdy|inner-focus|mold-breaker
540,sewaddle,3,25,bug|grass,swarm|chlorophyll|overcoat
541,swadloon,5,73,bug|grass,leaf-guard|chlorophyll|overcoat
542,leavanny,12,205,bug|grass,swarm|chlorophyll|overcoat
543,venipede,4,53,bug|poison,poison-point|swarm|speed-boost
544,whirlipede,12,585,bug|poison,poison-point|swarm|speed-boost
545,scolipede,25,2005,bug|poison,poison-point|swarm|speed-boost
546,cottonee,3,6,grass|fairy,prankster|infiltrator|chlorophyll
547,whimsicott,7,66,grass|fairy,prankster|infiltrator|chlorophyll
548,petilil,5,66,grass,chlorophyll|own-tempo|leaf-guard
549,lilligant,11,163,grass,chlorophyll|own-tempo|leaf-guard
550,basculin-red-striped,10,180,water,reckless|adaptability|mold-breaker
551,sandile,7,152,ground|dark,intimidate|moxie|anger-point
552,krokorok,10,334,ground|dark,intimidate|moxie|anger-point
553,krookodile,15,963,ground|dark,intimidate|moxie|anger-point
554,darumaka,6,375,fire,hustle|inner-focus
555,darmanitan-standard,13,929,fire,sheer-force|zen-mode
556,maractus,10,280,grass,water-absorb|chlorophyll|storm-drain
557,dwebble,3,145,bug|rock,sturdy|shell-armor|weak-armor
558,crustle,14,2000,bug|rock,sturdy|shell-armor|weak-armor
559,scraggy,6,118,dark|fighting,shed-skin|moxie|intimidate
560,scrafty,11,300,dark|fighting,shed-skin|moxie|intimidate
561,sigilyph,14,140,psychic|flying,wonder-skin|magic-guard|tinted-lens
562,yamask,5,15,ghost,mummy
563,cofagrigus,17,765,ghost,mummy
564,tirtouga,7,165,water|rock,solid-rock|sturdy|swift-swim
565,carracosta,12,810,water|rock,solid-rock|sturdy|swift-swim
566,archen,5,95,rock|flying,defeatist
567,archeops,14,320,rock|flying,defeatist
568,trubbish,6,310,poison,stench|sticky-hold|aftermath
569,garbodor,19,1073,poison,stench|weak-armor|aftermath
570,zorua,7,125,dark,illusion
571,zoroark,16,811,dark,illusion
572,minccino,4,58,normal,cute-charm|technician|skill-link
573,cinccino,5,75,normal,cute-charm|technician|skill-link
574,gothita,4,58,psychic,frisk|competitive|shadow-tag
575,gothorita,7,180,psychic,frisk|competitive|shadow-tag
576,gothitelle,15,440,psychic,frisk|competitive|shadow-tag
577,solosis,3,10,psychic,overcoat|magic-guard|regenerator
578,duosion,6,80,psychic,overcoat|magic-guard|regenerator
579,reuniclus,10,201,psychic,overcoat|magic-guard|regenerator
580,ducklett,5,55,water|flying,keen-eye|big-pecks|hydration
581,swanna,13,242,water|flying,keen-eye|big-pecks|hydration
582,vanillite,4,57,ice,ice-body|snow-cloak|weak-armor
583,vanillish,11,410,ice,ice-body|snow-cloak|weak-armor
584,vanilluxe,13,575,ice,ice-body|snow-warning|weak-armor
585,deerling,6,195,normal|grass,chlorophyll|sap-sipper|serene-grace
586,sawsbuck,19,925,normal|grass,chlorophyll|sap-sipper|serene-grace
587,emolga,4,50,electric|flying,static|motor-drive
588,karrablast,5,59,bug,swarm|shed-skin|no-guard
589,escavalier,10,330,bug|steel,swarm|shell-armor|overcoat
590,foongus,2,10,grass|poison,effect-spore|regenerator
591,amoonguss,6,105,grass|poison,effect-spore|regenerator
592,frillish,12,330,water|ghost,water-absorb|cursed-body|damp
593,jellicent,22,1350,water|ghost,water-absorb|cursed-body|damp
594,alomomola,12,316,water,healer|hydration|regenerator
595,joltik,1,6,bug|electric,compound-eyes|unnerve|swarm
596,galvantula,8,143,bug|electric,compound-eyes|unnerve|swarm
597,ferroseed,6,188,grass|steel,iron-barbs
598,ferrothorn,10,1100,grass|steel,iron-barbs|anticipation
599,klink,3,210,steel,plus|minus|clear-body
600,klang,6,510,steel,plus|minus|clear-body
601,klinklang,6,810,steel,plus|minus|clear-body
602,tynamo,2,3,electric,levitate
603,eelektrik,12,220,electric,levitate
604,eelektross,21,805,electric,levitate
605,elgyem,5,90,psychic,telepathy|synchronize|analytic
606,beheeyem,10,345,psychic,telepathy|synchronize|analytic
607,litwick,3,31,ghost|fire,flash-fire|flame-body|infiltrator
608,lampent,6,130,ghost|fire,flash-fire|flame-body|infiltrator
609,chandelure,10,343,ghost|fire,flash-fire|flame-body|infiltrator
610,axew,6,180,dragon,rivalry|mold-breaker|unnerve
611,fraxure,10,360,dragon,rivalry|mold-breaker|unnerve
612,haxorus,18,1055,dragon,rivalry|mold-breaker|unnerve
613,cubchoo,5,85,ice,snow-cloak|slush-rush|rattled
614,beartic,26,2600,ice,snow-cloak|slush-rush|swift-swim
615,cryogonal,11,1480,ice,levitate
616,shelmet,4,77,bug,hydration|shell-armor|overcoat
617,accelgor,8,253,bug,hydration|sticky-hold|unburden
618,stunfisk,7,110,ground|electric,static|limber|sand-veil
619,mienfoo,9,200,fighting,inner-focus|regenerator|reckless
620,mienshao,14,355,fighting,inner-focus|regenerator|reckless
621,druddigon,16,1390,dragon,rough-skin|sheer-force|mold-breaker
622,golett,10,920,ground|ghost,iron-fist|klutz|no-guard
623,golurk,28,3300,ground|ghost,iron-fist|klutz|no-guard
624,pawniard,5,102,dark|steel,defiant|inner-focus|pressure
625,bisharp,16,700,dark|steel,defiant|inner-focus|pressure
626,bouffalant,16,946,normal,reckless|sap-sipper|soundproof
627,rufflet,5,105,normal|flying,keen-eye|sheer-force|hustle
628,braviary,15,410,normal|flying,keen-eye|sheer-force|defiant
629,vullaby,5,90,dark|flying,big-pecks|overcoat|weak-armor
630,mandibuzz,12,395,dark|flying,big-pecks|overcoat|weak-armor
631,heatmor,14,580,fire,gluttony|flash-fire|white-smoke
632,durant,3,330,bug|steel,swarm|hustle|truant
633,deino,8,173,dark|dragon,hustle
634,zweilous,14,500,dark|dragon,hustle
635,hydreigon,18,1600,dark|dragon,levitate
636,larvesta,11,288,bug|fire,flame-body|swarm
637,volcarona,16,460,bug|fire,flame-body|swarm
638,cobalion,21,2500,steel|fighting,justified
639,terrakion,19,2600,rock|fighting,justified
640,virizion,20,2000,grass|fighting,justified
641,tornadus-incarnate,15,630,flying,prankster|defiant
642,thundurus-incarnate,15,610,electric|flying,prankster|defiant
643,reshiram,32,3300,dragon|fire,turboblaze
644,zekrom,29,3450,dragon|electric,teravolt
645,landorus-incarnate,15,680,ground|flying,sand-force|sheer-force
646,kyurem,30,3250,dragon|ice,pressure
647,keldeo-ordinary,14,485,water|fighting,justified
648,meloetta-aria,6,65,normal|psychic,serene-grace
649,genesect,15,825,bug|steel,download
650,chespin,4,90,grass,overgrow|bulletproof
651,quilladin,7,290,grass,overgrow|bulletproof
652,chesnaught,16,900,grass|fighting,overgrow|bulletproof
653,fennekin,4,94,fire,blaze|magician
654,braixen,10,145,fire,blaze|magician
655,delphox,15,390,fire|psychic,blaze|magician
656,froakie,3,70,water,torrent|protean
657,frogadier,6,109,water,torrent|protean
658,greninja,15,400,water|dark,torrent|protean
659,bunnelby,4,50,normal,pickup|cheek-pouch|huge-power
660,diggersby,10,424,normal|ground,pickup|cheek-pouch|huge-power
661,fletchling,3,17,normal|flying,big-pecks|gale-wings
662,fletchinder,7,160,fire|flying,flame-body|gale-wings
663,talonflame,12,245,fire|flying,flame-body|gale-wings
664,scatterbug,3,25,bug,shield-dust|compound-eyes|friend-guard
665,spewpa,3,84,bug,shed-skin|friend-guard
666,vivillon,12,170,bug|flying,shield-dust|compound-eyes|friend-guard
667,litleo,6,135,fire|normal,rivalry|unnerve|moxie
668,pyroar,15,815,fire|normal,rivalry|unnerve|moxie
669,flabebe,1,1,fairy,flower-veil|symbiosis
670,floette,2,9,fairy,flower-veil|symbiosis
671,florges,11,100,fairy,flower-veil|symbiosis
672,skiddo,9,310,grass,sap-sipper|grass-pelt
673,gogoat,17,910,grass,sap-sipper|grass-pelt
674,pancham,6,80,fighting,iron-fist|mold-breaker|scrappy
675,pangoro,21,1360,fighting|dark,iron-fist|mold-breaker|scrappy
676,furfrou,12,280,normal,fur-coat
677,espurr,3,35,psychic,keen-eye|infiltrator|own-tempo
678,meowstic-male,6,85,psychic,keen-eye|infiltrator|prankster
679,honedge,8,20,steel|ghost,no-guard
680,doublade,8,45,steel|ghost,no-guard
681,aegislash-shield,17,530,steel|ghost,stance-change
682,spritzee,2,5,fairy,healer|aroma-veil
683,aromatisse,8,155,fairy,healer|aroma-veil
684,swirlix,4,35,fairy,sweet-veil|unburden
685,slurpuff,8,50,fairy,sweet-veil|unburden
686,inkay,4,35,dark|psychic,contrary|suction-cups|infiltrator
687,malamar,15,470,dark|psychic,contrary|suction-cups|infiltrator
688,binacle,5,310,rock|water,tough-claws|sniper|pickpocket
689,barbaracle,13,960,rock|water,tough-claws|sniper|pickpocket
690,skrelp,5,73,poison|water,poison-point|poison-touch|adaptability
691,dragalge,18,815,poison|dragon,poison-point|poison-touch|adaptability
692,clauncher,5,83,water,mega-launcher
693,clawitzer,13,353,water,mega-launcher
694,helioptile,5,60,electric|normal,dry-skin|sand-veil|solar-power
695,heliolisk,10,210,electric|normal,dry-skin|sand-veil|solar-power
696,tyrunt,8,260,rock|dragon,strong-jaw|sturdy
697,tyrantrum,25,2700,rock|dragon,strong-jaw|rock-head
698,amaura,13,252,rock|ice,refrigerate|snow-warning
699,aurorus,27,2250,rock|ice,refrigerate|snow-warning
700,sylveon,10,235,fairy,cute-charm|pixilate
701,hawlucha,8,215,fighting|flying,limber|unburden|mold-breaker
702,dedenne,2,22,electric|fairy,cheek-pouch|pickup|plus
703,carbink,3,57,rock|fairy,clear-body|sturdy
704,goomy,3,28,dragon,sap-sipper|hydration|gooey
705,sliggoo,8,175,dragon,sap-sipper|hydration|gooey
706,goodra,20,1505,dragon,sap-sipper|hydration|gooey
707,klefki,2,30,steel|fairy,prankster|magician
708,phantump,4,70,ghost|grass,natural-cure|frisk|harvest
709,trevenant,15,710,ghost|grass,natural-cure|frisk|harvest
710,pumpkaboo-average,4,50,ghost|grass,pickup|frisk|insomnia
711,gourgeist-average,9,125,ghost|grass,pickup|frisk|insomnia
712,bergmite,10,995,ice,own-tempo|ice-body|sturdy
713,avalugg,20,5050,ice,own-tempo|ice-body|sturdy
714,noibat,5,80,flying|dragon,frisk|infiltrator|telepathy
715,noivern,15,850,flying|dragon,frisk|infiltrator|telepathy
716,xerneas,30,2150,fairy,fairy-aura
717,yveltal,58,2030,dark|flying,dark-aura
718,zygarde,50,3050,dragon|ground,aura-break
719,diancie,7,88,rock|fairy,clear-body
720,hoopa,5,90,psychic|ghost,magician
721,volcanion,17,1950,fire|water,water-absorb
722,rowlet,3,15,grass|flying,overgrow|long-reach
723,dartrix,7,160,grass|flying,overgrow|long-reach
724,decidueye,16,366,grass|ghost,overgrow|long-reach
725,litten,4,43,fire,blaze|intimidate
726,torracat,7,250,fire,blaze|intimidate
727,incineroar,18,830,fire|dark,blaze|intimidate
728,popplio,4,75,water,torrent|liquid-voice
729,brionne,6,175,water,torrent|liquid-voice
730,primarina,18,440,water|fairy,torrent|liquid-voice
731,pikipek,3,12,normal|flying,keen-eye|skill-link|pickup
732,trumbeak,6,148,normal|flying,keen-eye|skill-link|pickup
733,toucannon,11,260,normal|flying,keen-eye|skill-link|sheer-force
734,yungoos,4,60,normal,stakeout|strong-jaw|adaptability
735,gumshoos,7,142,normal,stakeout|strong-jaw|adaptability
736,grubbin,4,44,bug,swarm
737,charjabug,5,105,bug|electric,battery
738,vikavolt,15,450,bug|electric,levitate
739,crabrawler,6,70,fighting,hyper-cutter|iron-fist|anger-point
740,crabominable,17,1800,fighting|ice,hyper-cutter|iron-fist|anger-point
741,oricorio-baile,6,34,fire|flying,dancer
742,cutiefly,1,2,bug|fairy,honey-gather|shield-dust|sweet-veil
743,ribombee,2,5,bug|fairy,honey-gather|shield-dust|sweet-veil
744,rockruff,5,92,rock,keen-eye|vital-spirit|steadfast
745,lycanroc-midday,8,250,rock,keen-eye|sand-rush|steadfast
746,wishiwashi-solo,2,3,water,schooling
747,mareanie,4,80,poison|water,merciless|limber|regenerator
748,toxapex,7,145,poison|water,merciless|limber|regenerator
749,mudbray,10,1100,ground,own-tempo|stamina|inner-focus
750,mudsdale,25,9200,ground,own-tempo|stamina|inner-focus
751,dewpider,3,40,water|bug,water-bubble|water-absorb
752,araquanid,18,820,water|bug,water-bubble|water-absorb
753,fomantis,3,15,grass,leaf-guard|contrary
754,lurantis,9,185,grass,leaf-guard|contrary
755,morelull,2,15,grass|fairy,illuminate|effect-spore|rain-dish
756,shiinotic,10,115,grass|fairy,illuminate|effect-spore|rain-dish
757,salandit,6,48,poison|fire,corrosion|oblivious
758,salazzle,12,222,poison|fire,corrosion|oblivious
759,stufful,5,68,normal|fighting,fluffy|klutz|cute-charm
760,bewear,21,1350,normal|fighting,fluffy|klutz|unnerve
761,bounsweet,3,32,grass,leaf-guard|oblivious|sweet-veil
762,steenee,7,82,grass,leaf-guard|oblivious|sweet-veil
763,tsareena,12,214,grass,leaf-guard|queenly-majesty|sweet-veil
764,comfey,1,3,fairy,flower-veil|triage|natural-cure
765,oranguru,15,760,normal|psychic,inner-focus|telepathy|symbiosis
766,passimian,20,828,fighting,receiver|defiant
767,wimpod,5,120,bug|water,wimp-out
768,golisopod,20,1080,bug|water,emergency-exit
769,sandygast,5,700,ghost|ground,water-compaction|sand-veil
770,palossand,13,2500,ghost|ground,water-compaction|sand-veil
771,pyukumuku,3,12,water,innards-out|unaware
772,type-null,19,1205,normal,battle-armor
773,silvally,23,1005,normal,rks-system
774,minior-red-meteor,3,400,rock|flying,shields-down
775,komala,4,199,normal,comatose
776,turtonator,20,2120,fire|dragon,shell-armor
777,togedemaru,3,33,electric|steel,iron-barbs|lightning-rod|sturdy
778,mimikyu-disguised,2,7,ghost|fairy,disguise
779,bruxish,9,190,water|psychic,dazzling|strong-jaw|wonder-skin
780,drampa,30,1850,normal|dragon,berserk|sap-sipper|cloud-nine
781,dhelmise,39,2100,ghost|grass,steelworker
782,jangmo-o,6,297,dragon,bulletproof|soundproof|overcoat
783,hakamo-o,12,470,dragon|fighting,bulletproof|soundproof|overcoat
784,kommo-o,16,782,dragon|fighting,bulletproof|soundproof|overcoat
785,tapu-koko,18,205,electric|fairy,electric-surge|telepathy
786,tapu-lele,12,186,psychic|fairy,psychic-surge|telepathy
787,tapu-bulu,19,455,grass|fairy,grassy-surge|telepathy
788,tapu-fini,13,212,water|fairy,misty-surge|telepathy
789,cosmog,2,1,psychic,unaware
790,cosmoem,1,9999,psychic,sturdy
791,solgaleo,34,2300,psychic|steel,full-metal-body
792,lunala,40,1200,psychic|ghost,shadow-shield
793,nihilego,12,555,rock|poison,beast-boost
794,buzzwole,24,3336,bug|fighting,beast-boost
795,pheromosa,18,250,bug|fighting,beast-boost
796,xurkitree,38,1000,electric,beast-boost
797,celesteela,92,9999,steel|flying,beast-boost
798,kartana,3,1,grass|steel,beast-boost
799,guzzlord,55,8880,dark|dragon,beast-boost
800,necrozma,24,2300,psychic,prism-armor
801,magearna,10,805,steel|fairy,soul-heart
802,marshadow,7,222,fighting|ghost,technician
803,poipole,6,18,poison,beast-boost
804,naganadel,36,1500,poison|dragon,beast-boost
805,stakataka,55,8200,rock|steel,beast-boost
806,blacephalon,18,130,fire|ghost,beast-boost
807,zeraora,15,445,electric,volt-absorb
808,meltan,2,80,steel,
809,melmetal,25,8000,steel,
810,grookey,3,50,grass,
811,thwackey,7,140,grass,
812,rillaboom,21,900,grass,
813,scorbunny,3,45,fire,
814,raboot,6,90,fire,
815,cinderace,14,330,fire,
816,sobble,3,40,water,
817,drizzile,7,115,water,
818,inteleon,19,452,water,
819,skwovet,3,25,normal,
820,greedent,6,60,normal,
821,rookidee,2,18,flying,
822,corvisquire,8,160,flying,
823,corviknight,22,750,flying|steel,
824,blipbug,4,80,bug,
825,dottler,4,195,bug|psychic,
826,orbeetle,4,408,bug|psychic,
827,nickit,6,89,dark,
828,thievul,12,199,dark,
829,gossifleur,4,22,grass,
830,eldegoss,5,25,grass,
831,wooloo,6,60,normal,
832,dubwool,13,430,normal,
833,chewtle,3,85,water,
834,drednaw,10,1155,water|rock,
835,yamper,3,135,electric,
836,boltund,10,340,electric,
837,rolycoly,3,120,rock,
838,carkol,11,780,rock|fire,
839,coalossal,28,3105,rock|fire,
840,applin,2,5,grass|dragon,
841,flapple,3,10,grass|dragon,
842,appletun,4,130,grass|dragon,
843,silicobra,22,76,ground,
844,sandaconda,38,655,ground,
845,cramorant,8,180,flying|water,
846,arrokuda,5,10,water,
847,barraskewda,13,300,water,
848,toxel,4,110,electric|poison,
849,toxtricity,16,400,electric|poison,
850,sizzlipede,7,10,fire|bug,
851,centiskorch,30,1200,fire|bug,
852,clobbopus,6,40,fighting,
853,grapploct,16,390,fighting,
854,sinistea,1,2,ghost,
855,polteageist,2,4,ghost,
856,hatenna,4,34,psychic,
857,hattrem,6,48,psychic,
858,hatterene,21,51,psychic|fairy,
859,impidimp,4,55,dark|fairy,
860,morgrem,8,125,dark|fairy,
861,grimmsnarl,15,610,dark|fairy,
862,obstagoon,16,460,dark|normal,
863,perrserker,8,280,steel,
864,cursola,10,4,ghost,
865,sirfetch,8,1170,fighting,
866,mr,15,582,ice|psychic,
867,runerigus,16,666,ground|ghost,
868,milcery,2,3,fairy,
869,alcremie,3,5,fairy,
870,falinks,30,620,fighting,
871,pincurchin,3,10,electric,
872,snom,3,38,ice|bug,
873,frosmoth,13,420,ice|bug,
874,stonjourner,25,5200,rock,
875,eiscue,14,890,ice,
876,indeedee,9,280,psychic|normal,
877,morpeko,3,30,electric|dark,
878,cufant,12,1000,steel,
879,copperajah,30,6500,steel,
880,dracozolt,18,1900,electric|dragon,
881,arctozolt,23,1500,electric|ice,
882,dracovish,23,2150,water|dragon,
883,arctovish,20,1750,water|ice,
884,duraludon,18,400,steel|dragon,
885,dreepy,5,20,dragon|ghost,
886,drakloak,14,110,dragon|ghost,
887,dragapult,30,500,dragon|ghost,
888,zacian,28,1100,fairy,
889,zamazenta,29,2100,fighting,
890,eternatus,200,9500,poison|dragon,
891,kubfu,6,120,fighting,
892,urshifu,19,1050,fighting|dark,
893,zarude,18,700,dark|grass,
